{"products":[{"id":"0.9490017923419221","qty":2}],"totalPrice":36.879999999999995}